Drug Name,CNN_CNN,Daylight_AAC,Morgan_AAC,Morgan_CNN,MPNN_CNN
646_40,0.88,1040.97,259.22,146.76,2057.09
US_410,2.11,1068.76,17716.9,11378.86,2341.66
US_406,2.81,336.71,412.85,5745.32,2597.09
US_200,3.68,1314.06,2791.88,7854.08,483.17
US_180,3.7,406.14,498.71,3251.85,1721.18
US_336,3.77,556.21,198.86,600.11,1184.94
US_164,4.31,225.05,662.08,273.93,2834.46
US_396,4.41,534.94,295.66,100.78,1443.46
625_24,4.89,568.55,150.96,807.08,2080.81
US_220,4.9,662.47,581.97,1938.06,5969.68
US_281,4.93,929.43,588.57,2037.78,2782.31
US_430,5.03,556.46,385.91,882.58,2989.15
US_409,5.05,507.01,568.6,707.63,1875.27
US_419,5.06,865.69,491.31,809.62,3030.68
625_27,5.11,1048.07,311.63,1202.7,3635.36
US_224,5.41,1090.92,520.83,1463.03,1761.04
US_225,5.41,807.57,783.93,3898.24,3195.44
US_383,5.47,1222.55,231.03,145.97,4552.57
US_65,5.51,813.98,941.19,4890.07,5450.14
US_66,5.57,813.98,941.19,4890.07,2344.31
US_163,5.62,639.62,637.44,3525.71,7047.8
US_435,5.83,631.36,1003.87,4344.12,2567.68
US_379,6.28,320.37,614.89,505.38,2908.37
US_219,6.46,807.57,783.93,3898.24,2769.07
US_227,6.84,438.03,575.22,1472.31,2.02
US_134,6.84,474.56,408.55,905.31,7927.95
US_223,6.84,1090.92,520.83,1463.03,1698.79
US_438,6.97,2914.86,121.27,90.27,0.0
US_428,7.01,2808.97,174.07,101.21,2799.52
US_418,7.43,575.11,895.05,1192.14,2793.53
625_25,7.46,104.56,152.26,409.32,2364.97
US_92,8.08,66.41,1127.04,5404.77,2783.51
646_121,8.63,160.05,209.3,144.51,1631.27
646_122,8.63,160.05,209.3,144.51,4353.91
US_280,8.94,335.21,855.46,1472.23,1916.78
625_26,9.15,606.31,502.42,1310.9,1979.86
US_83,9.16,1161.86,459.05,1063.15,3952.63
625_22,9.19,352.97,574.96,192.66,5804.04
US_93,9.3,482.52,185.86,129.25,1994.16
31678_23,10.16,113.91,12070.38,20482.72,3071.54
US_382,10.3,153.75,279.14,505.48,1597.94
US_437,10.45,1080.22,157.69,101.39,2063.05
US_415,10.71,4626.95,398.8,186.14,7909.4
US_466,10.88,1133.17,154.02,464.03,1732.82
US_221,11.53,342.25,426.18,575.3,3506.17
US_414,11.85,1176.44,230.97,103.78,3917.41
US_53,12.28,140.91,1144.61,2303.93,0.38
625_23,12.67,54.28,1544.13,908.88,5480.5
US_351,13.17,232.87,544.0,63.25,0.63
US_142,13.64,794.89,314.23,174.52,9452.96
625_18,13.7,48.14,1435.84,3382.31,5529.43
625_20,13.88,121.05,335.95,331.66,66870.62
US_150,13.93,118.99,737.73,272.17,15657.16
646_123,14.61,89.84,1144.32,64.87,1739.47
US_42,15.06,249.05,122.86,265.68,5384.65
31678_32,15.37,127.48,8489.22,48469.41,2780.26
625_4,15.39,1149.01,568.61,4387.49,1839.72
US_345,15.63,963.6,259.57,1060.22,283.99
US_297,15.72,1060.11,416.6,791.41,17.06
646_11,15.88,193.29,800.86,1082.58,5026.29
US_54,16.17,698.95,518.78,1469.93,1759.96
US_8,16.8,521.43,7921.0,1117.04,5636.28
US_87,17.0,112.46,1267.48,17049.58,2461.56
US_139,17.0,106.03,46239.11,46782.2,2195.79
625_21,17.25,258.33,453.46,623.91,5871.05
625_29,17.67,780.82,119.22,175.98,1205.71
646_42,17.99,2802.57,35420.71,4572.15,0.17
paper_31,18.28,1025.46,415.75,710.35,1406.53
US_388,19.1,336.71,412.85,5745.32,6817.31
US_322,19.13,727.22,322.51,363.37,7735.63
US_443,19.29,1654.3,736.41,16737.09,3359.72
US_235,19.57,689.79,577.83,4193.11,432.26
625_1,19.72,518.99,603.45,2490.98,6233.47
31678_26,19.72,403.7,1829.32,11974.36,198.35
US_289,21.55,917.88,491.96,209.08,5135.13
US_243,22.24,735.2,1291.19,1745.88,1512.03
US_320,22.61,314.61,2837.32,5550.92,3644.23
US_352,23.75,101.19,310.19,103.39,4296.66
US_34,23.94,316.3,236.0,259.3,0.23
US_43,23.94,203.24,454.44,156.56,3813.05
US_202,23.94,170.86,422.94,480.94,1644.23
US_286,24.26,917.88,491.96,209.08,2150.85
US_445,24.63,1537.97,2357.71,11309.14,3041.88
625_3,24.92,1372.47,364.4,5695.19,1608.96
US_9,24.93,276.3,467.4,9910.39,3509.92
US_30,25.2,201.26,849.96,18598.6,2310.31
US_436,25.39,1517.37,41181.96,17593.08,2306.63
US_179,26.03,1105.61,1145.11,961.82,3092.65
US_62,26.84,226.4,1499.96,3193.61,6904.24
US_198,27.01,1139.95,645.54,15963.77,1799.79
US_288,27.69,917.88,491.96,209.08,4831.66
US_444,28.3,1220.91,829.99,17642.87,3545.58
US_76,28.77,71.12,2480.42,797.55,4155.91
US_97,29.17,1434.79,241.62,83.99,9150.8
US_285,29.18,1068.86,665.32,621.59,1140.61
US_204,29.49,2415.64,598.79,1309.67,1613.32
US_366,29.6,376.65,360.31,1164.68,3030.62
US_130,30.06,102.88,1063.6,1618.5,3297.81
US_257,30.65,954.96,293.11,9742.15,6199.83
US_335,31.12,876.54,406.78,1476.06,110.09
US_196,31.24,125.61,268.56,375.7,2709.17
US_205,31.32,1049.17,735.68,653.38,3148.09
625_31,31.54,237.85,166.85,103.82,1539.77
US_258,31.89,825.98,510.43,3424.36,2402.55
US_277,31.95,875.73,543.66,1013.48,1919.77
US_425,32.13,465.68,250.63,118.9,1892.91
US_186,33.3,709.91,299.99,1440.36,7508.6
US_442,33.61,1522.11,4164.1,8286.15,2325.02
US_129,34.08,228.58,562.46,326.77,6946.37
US_136,34.23,158.58,7177.65,1296.88,4026.13
646_39,34.29,1145.99,321.63,143.78,4061.17
US_60,35.3,498.53,8975.36,5417.33,1756.6
US_203,35.54,936.72,401.62,1837.38,2224.89
US_344,35.88,960.94,574.67,1394.39,196.26
US_454,36.07,1340.05,430.28,723.05,2026.47
US_422,36.1,599.71,229.49,548.41,3486.46
US_328,36.85,674.59,400.11,956.73,3124.44
US_423,37.04,1070.97,219.86,455.69,8685.47
paper_13,37.52,199.47,343.26,2489.62,2907.66
646_87,37.77,1012.11,573.72,110.13,7309.21
US_441,38.81,937.42,71270.23,28451.86,10627.9
646_86,38.86,575.51,9174.8,288.65,1936.51
US_229,38.91,678.82,341.8,1254.4,4093.02
US_253,39.59,840.29,487.12,1138.88,1733.99
646_93,40.0,4652.74,737.01,760.68,5148.93
31678_11,41.12,127.48,8489.22,48469.41,2007.43
646_53,41.58,750.51,403.88,321.77,3138.35
paper_17,42.48,124.19,267.09,5165.89,2643.8
625_19,42.58,41.94,410.34,870.82,4435.92
US_226,42.83,474.56,408.55,905.31,0.68
US_86,43.51,94.82,603.12,353.53,0.35
US_333,44.31,175.32,183.02,948.39,2622.07
US_146,44.65,85.41,2350.32,772.38,6418.28
646_107,45.04,4930.33,1922.39,4650.02,2068.64
US_149,46.29,316.3,236.0,259.3,4823.87
US_434,46.31,987.73,3902.71,26525.04,1564.96
US_233,46.39,188.4,770.5,4189.02,1985.44
US_287,46.46,917.88,491.96,209.08,1627.79
646_23,46.52,431.94,2075.87,2165.56,2034.1
US_141,46.56,100.77,3493.91,1215.7,5362.11
US_308,46.91,1088.43,1004.08,546.98,1684.47
646_43,47.32,113.01,335.48,214.72,2547.59
US_230,47.58,248.02,256.33,78.92,699.71
US_364,47.58,629.09,585.04,837.1,3515.88
US_113,48.18,110.73,975.51,1493.71,9632.55
31678_15,49.12,128.67,1240.73,2544.17,1595.65
US_143,50.3,931.29,306.1,108.72,6180.85
625_6,51.17,1185.63,351.25,818.11,655.56
US_432,51.71,1037.34,695.53,8695.21,2379.9
US_325,52.98,240.45,309.22,694.82,5239.46
US_371,53.13,1985.08,276.81,517.8,2930.37
US_349,53.23,1019.71,141.88,1256.63,0.91
US_450,53.36,502.88,300.69,386.89,5090.23
625_2,53.37,1259.77,440.95,1715.76,5184.72
US_197,53.49,798.9,810.73,5879.93,1572.28
US_433,53.69,774.46,923.6,8120.62,2630.78
625_28,53.88,1382.52,383.4,3515.25,1321.04
US_108,53.91,1898.45,97.29,64.54,10807.89
US_357,53.93,236.95,810.92,5202.17,15941.35
US_244,54.1,216.89,12559.83,2375.32,12778.79
625_7,54.58,1119.88,393.62,2796.23,835.25
US_252,54.59,717.29,1941.77,3578.01,2157.13
US_145,54.6,126.51,1451.69,2330.43,9607.31
625_8,54.98,940.25,262.61,1649.78,1645.21
US_368,55.45,1945.41,249.41,335.16,2864.48
paper_35,55.59,637.97,584.09,1350.08,3042.41
US_458,55.68,942.48,585.66,1136.27,1728.33
paper_20,55.69,111.65,484.81,3320.34,2704.15
US_452,56.08,485.73,614.53,116.84,1452.63
US_337,56.73,901.21,252.06,400.42,7205.6
625_5,56.84,917.37,575.57,3029.12,4035.73
646_101,57.12,603.91,331.12,148.99,1990.96
US_381,57.39,1009.82,266.73,941.53,8457.78
646_103,57.41,677.26,20446.23,1358.65,1372.49
US_278,57.49,1105.61,3232.97,12378.88,6156.88
paper_34,58.72,793.87,603.38,849.59,953.22
625_17,58.82,195.82,4952.24,26482.14,2935.88
646_92,59.4,845.42,384.68,76.53,2821.19
US_246,59.81,518.5,758.01,1430.71,59672.4
US_370,60.43,803.08,703.68,1326.52,726.42
US_356,60.56,236.95,810.92,5202.17,2334.06
paper_36,60.67,1001.04,822.41,2778.89,3936.1
US_339,61.57,339.24,166.17,418.45,2503.2
paper_27,61.79,618.1,262.51,836.94,1448.18
US_228,62.07,233.27,431.3,849.51,2775.57
US_342,62.1,881.97,210.14,217.7,5477.24
US_119,62.29,121.71,1808.45,2790.11,7882.27
US_310,62.41,1127.42,313.22,137.65,6158.01
US_259,62.83,703.89,366.26,1184.66,1135.29
US_398,64.17,209.66,324.84,289.22,2205.66
US_404,64.88,589.78,344.98,193.29,2347.76
US_343,65.0,1007.25,429.58,952.34,1286.29
646_20,65.06,208.01,993.71,1265.14,4669.13
US_74,65.13,89.61,1504.41,381.15,3182.12
US_251,69.24,457.05,742.46,2475.14,2594.33
paper_25,69.36,711.56,320.67,1242.94,956.06
US_456,69.66,1125.83,823.99,2332.01,11756.58
US_117,69.95,185.27,2483.8,6358.73,2289.75
31678_5,70.23,132.51,815.3,6791.36,402.49
US_431,70.71,1367.6,1296.72,5097.41,2153.57
paper_24,71.43,711.56,320.67,1242.94,2815.01
646_102,73.85,274.69,279.35,1342.62,12130.53
US_131,73.86,250.21,938.05,1928.53,5778.84
US_116,74.08,215.94,581.07,584.74,2079.48
US_332,74.34,945.62,665.18,4734.32,1442.65
646_105,77.04,788.59,75200.99,4164.99,111.42
paper_22,77.75,594.01,448.89,3581.12,102.94
625_30,78.1,981.28,330.77,352.34,1985.39
646_35,78.52,119.25,667.38,340.24,5507.62
US_307,79.21,889.56,864.19,733.11,887.93
646_51,79.26,240.96,56753.43,493.3,1805.89
US_185,79.3,801.76,1031.12,2921.43,3850.21
US_231,79.3,905.93,628.21,1183.89,4330.12
US_282,79.32,376.65,360.31,1164.68,13007.57
US_14,79.47,456.36,517.35,632.54,7324.62
paper_33,80.4,1105.61,1145.11,961.82,4412.48
646_106,80.92,997.22,109972.38,8645.27,3422.33
646_36,81.67,93.09,610.74,603.54,3410.08
US_462,82.17,623.05,356.48,1644.62,2129.38
646_104,82.65,340.3,635.23,784.9,2256.56
646_9,83.86,234.73,657.84,1615.89,0.0
646_17,84.18,1668.97,182.06,287.32,4338.04
US_137,88.11,158.58,7177.65,1296.88,4492.76
646_46,88.98,501.68,14732.64,2321.54,1622.33
646_19,89.3,458.71,2008.19,803.89,1611.04
US_147,90.04,85.65,4139.14,7789.6,10997.29
646_108,90.46,4998.59,1959.31,4654.29,1314.24
US_211,90.87,1148.82,559.57,1957.94,7865.74
US_157,90.99,602.41,2259.71,6058.54,14352.63
US_457,91.49,1017.11,721.97,1837.67,2870.87
US_188,92.16,633.62,42070.27,2811.48,3175.52
646_34,92.22,549.0,166399.98,11397.53,893.88
US_346,92.53,862.53,436.63,1144.47,1551.01
US_165,92.99,1470.24,636.81,520.21,2940.47
US_331,93.84,899.02,501.45,3230.18,2661.6
US_262,93.94,217.7,818.75,1426.67,4452.53
646_21,93.97,1268.14,287018.77,10489.98,2483.83
US_355,94.52,1819.69,709.99,1279.68,8448.61
US_28,95.7,161.83,57.35,62.52,5263.86
paper_28,96.22,602.75,493.13,1512.73,3158.34
31678_19,98.91,150.4,880.86,11954.34,1381.9
646_5,99.63,935.9,75740.76,12748.01,0.0
US_59,99.99,197.27,434.49,817.29,5786.11
paper_29,100.26,966.01,194.22,280.9,5269.98
US_298,100.51,1122.84,367.82,83.91,1184.71
646_80,101.27,890.37,813.76,5407.72,2210.84
646_6,101.28,268.15,5002.21,2560.57,3113.11
646_100,102.06,1972.14,184535.49,12683.96,4408.34
US_290,102.1,975.16,643.23,371.03,0.52
31678_54,102.1,124.58,14759.18,53840.51,2073.36
paper_32,102.56,1061.34,340.82,1228.86,1070.51
646_12,102.76,1309.35,315.0,4152.87,2716.67
paper_26,103.08,709.91,299.99,1440.36,1627.31
646_62,103.84,944.78,1816.17,2757.01,2416.76
US_303,103.91,594.01,569.6,419.33,2819.44
US_118,104.16,115.34,2736.7,2751.57,2443.58
US_350,104.46,746.45,654.81,2783.11,2176.24
646_14,105.45,377.75,646.27,1800.79,91.68
US_123,105.89,120.98,4960.95,10722.79,2681.44
US_318,106.7,3583.93,567.8,486.19,4398.48
US_247,106.76,937.66,434.85,2526.41,14741.39
US_67,107.07,156.65,1012.64,1150.34,3432.06
US_394,107.17,2042.81,251.52,353.91,2115.82
US_190,107.38,65.24,216.51,412.73,7122.16
US_266,107.69,482.15,323.78,2193.88,1835.95
646_41,109.31,253.76,443.55,557.74,4871.26
US_291,109.31,1090.35,1021.19,303.86,1765.55
paper_38,109.73,801.76,1031.12,2921.43,2149.24
646_85,110.33,814.35,2173.4,426.05,2125.63
paper_21,110.92,593.95,364.57,3191.53,5389.85
US_161,112.36,779.65,491.81,148.43,7493.12
US_459,112.59,117.48,652.96,9141.15,2590.87
US_45,112.77,602.75,493.13,1512.73,3296.55
US_467,113.08,485.73,614.53,116.84,2767.19
646_68,113.26,432.84,129047.96,13420.89,1846.0
646_10,113.93,484.67,395.21,1749.95,7252.7
US_11,114.09,316.5,90.28,241.33,7243.61
US_448,115.5,1945.41,249.41,335.16,4252.69
646_48,116.01,280.11,413.3,594.3,2740.51
US_29,117.24,288.27,473.45,287.1,2323.79
US_110,117.64,365.41,4755.33,5258.74,4357.81
US_451,117.88,485.73,614.53,116.84,0.17
US_26,118.68,111.65,484.81,3320.34,2319.0
646_115,119.85,1169.0,10615.71,3083.06,1459.67
US_88,120.65,425.65,2418.69,2901.73,9857.05
US_301,121.14,1859.01,312.68,140.87,43396.96
646_22,122.29,515.8,9432.37,6425.16,2077.1
US_112,122.61,179.47,1975.92,362.16,2648.11
US_96,123.51,181.05,526.38,2021.77,10258.2
US_39,123.79,207.98,370.28,334.28,6380.65
646_83,124.46,832.02,3789.29,3511.99,4267.83
646_29,125.86,1203.08,7988.33,2887.99,1526.48
US_283,125.94,622.54,325.3,215.43,1192.34
US_144,126.7,154.56,935.61,269.97,5217.66
US_464,126.74,637.97,584.09,1350.08,974.69
US_354,127.23,1576.93,1435.48,7270.21,4023.45
US_12,127.26,1018.47,152.65,136.57,4900.18
646_88,127.63,1012.11,573.72,110.13,4564.6
US_460,127.93,793.87,603.38,849.59,5592.71
US_313,128.38,738.97,236.19,217.28,1874.4
paper_37,129.11,562.73,684.29,2497.56,5304.33
646_49,131.12,532.06,50248.24,2771.71,1138.87
paper_15,131.53,416.18,294.37,1413.63,5857.71
paper_12,131.55,180.94,363.06,1212.2,4459.68
US_421,131.78,955.08,932.59,330.46,3363.55
646_111,132.04,1138.84,19122.23,22411.55,2832.47
US_249,132.49,1039.96,422.77,6115.39,4311.88
US_1,133.08,77.94,5215.31,11190.13,7496.78
646_119,134.76,372.45,980.37,1340.93,1753.49
US_296,135.43,302.95,1139.04,2005.43,1228.07
US_391,137.19,910.02,543.21,2904.49,1749.28
646_63,138.02,381.47,432.29,789.22,3776.37
paper_30,138.44,1009.26,203.04,624.56,748.46
US_324,138.63,2563.0,269.55,1020.55,696.53
US_240,138.69,1285.56,499.89,1149.64,2698.6
US_56,139.54,208.28,913.23,388.77,2173.18
US_311,139.6,308.47,418.4,224.91,2099.75
paper_5A,140.8,248.33,848.81,1103.87,2898.01
US_372,141.23,409.14,744.14,3272.87,1611.0
US_191,142.32,328.63,105.23,133.49,1968.62
US_300,143.18,1150.23,821.32,645.63,4561.95
US_309,143.18,1384.77,446.74,684.07,2491.25
US_330,144.34,457.05,742.46,2475.14,2091.29
US_312,145.84,1324.61,300.22,409.93,2467.61
646_114,146.18,987.76,2206.09,3824.06,1684.78
US_380,146.47,125.64,567.57,4342.61,1999.68
US_482,146.52,717.29,1941.77,3578.01,762.2
US_55,146.7,208.28,913.23,388.77,2445.64
US_323,147.23,800.99,258.8,158.5,2061.92
US_293,147.26,696.22,487.76,319.99,1547.37
US_302,148.22,656.31,767.81,1481.67,1943.52
646_45,148.57,224.86,561.06,389.77,1854.17
US_305,149.67,961.32,459.66,228.38,4595.86
646_66,150.33,616.97,55144.63,12691.31,2159.0
US_361,150.4,707.61,622.98,3652.56,3297.58
US_114,151.09,83.43,1791.55,1162.43,4375.0
US_304,151.2,1391.09,231.04,307.83,17.21
US_420,152.27,911.18,1003.17,476.66,4610.54
US_463,152.75,594.01,448.89,3581.12,13333.85
US_15,152.96,842.07,176.96,152.82,2762.03
US_455,154.64,977.4,526.95,260.14,2419.26
US_274,155.88,949.91,742.18,631.93,3.32
US_416,157.21,578.45,455.07,266.83,598.68
US_465,157.31,985.11,198.72,442.14,4255.44
646_116,158.38,984.02,2417.77,2682.96,4625.2
646_113,159.79,2209.43,18108.03,7528.72,1773.16
646_95,159.82,1600.7,449.49,252.7,2809.01
US_91,160.11,67.34,1796.99,1192.31,4455.25
paper_16,160.12,164.32,9840.54,3576.11,3303.13
US_468,160.65,703.89,366.26,1184.66,3003.51
US_3,161.61,123.79,622.59,2307.63,3996.64
646_97,161.8,1019.74,313490.0,82871.75,2682.3
646_98,161.8,1015.72,192138.4,11783.63,6273.84
646_112,162.39,661.62,133163.84,7487.53,5562.36
US_245,166.14,667.88,372.54,1426.09,13231.91
paper_9,166.68,159.7,1563.64,9480.99,2733.99
US_201,166.76,1024.67,166.97,363.66,1037.2
US_7,166.89,79.35,943.6,2977.23,4646.71
US_412,167.18,684.29,603.51,868.99,4465.77
US_413,167.32,681.26,648.7,956.42,2824.26
US_390,167.78,1372.14,635.47,242.17,286.17
US_392,168.21,690.73,465.0,295.87,2226.55
US_306,170.03,1708.21,937.46,518.87,0.69
US_151,170.33,886.76,389.8,1516.53,5057.1
US_174,171.35,1028.28,355.38,366.44,14362.95
US_6,171.46,96.09,669.45,3285.09,5214.26
US_140,171.46,87.39,553.53,1974.67,2612.05
646_89,172.46,2375.51,285.28,125.35,7499.42
646_90,172.46,2375.51,285.28,125.35,3796.13
US_162,173.32,518.89,83.39,37.49,9035.39
US_44,173.33,737.94,204.66,328.02,4341.24
paper_18,175.2,126.47,25242.01,5191.08,1280.88
31678_31,175.59,65.68,24740.79,66752.45,11954.45
US_57,178.42,212.61,941.1,578.1,75.64
US_403,181.54,982.6,555.64,1213.99,4062.93
646_18,182.6,935.9,75740.76,12748.01,2642.44
US_389,184.22,698.52,434.77,273.63,7092.34
US_411,184.99,1003.55,397.59,340.07,2668.5
US_33,185.64,1006.55,404.08,1492.94,5646.91
US_269,186.93,151.2,215.02,105.37,1874.4
US_326,187.07,711.56,320.67,1242.94,297.69
paper_1,187.26,717.29,1941.77,3578.01,2367.49
US_299,188.54,1500.9,350.37,356.19,3306.3
646_99,188.79,856.06,76051.25,10775.37,982.57
US_268,188.79,144.99,347.15,1132.3,1658.28
646_13,191.89,610.77,163512.44,25277.95,3451.82
US_85,192.6,142.41,219.65,181.2,3448.48
US_270,193.93,94.23,758.12,1337.16,2634.5
US_294,193.93,502.14,313.91,388.3,2497.78
US_265,193.95,124.1,385.54,1320.64,2565.66
US_2,194.64,416.18,294.37,1413.63,7781.3
646_94,197.88,4652.74,737.01,760.68,2124.42
US_41,197.95,257.07,721.5,704.84,2899.79
US_261,199.1,112.24,478.05,1182.75,4745.41
US_417,199.73,3808.95,321.05,338.8,6711.06
US_401,201.43,767.3,350.52,3606.04,5241.94
US_315,201.86,2140.4,819.6,1242.79,43053.45
US_353,203.0,1101.71,2216.31,7855.22,7286.01
625_13,203.21,1065.24,453.73,887.44,1793.97
646_31,203.34,780.34,2291.58,11560.92,3570.06
US_447,204.38,1480.47,489.4,500.3,359.53
US_327,205.66,711.56,320.67,1242.94,3700.06
US_385,205.66,670.94,158.77,698.13,4517.23
31678_51,205.94,272.54,39937.93,25931.03,1607.87
US_217,207.18,247.41,399.1,833.72,4347.21
US_194,208.05,883.28,268.01,47.11,4779.1
US_367,208.35,390.0,304.03,3524.6,2178.93
US_376,209.98,953.08,230.05,952.26,43644.76
646_47,210.56,455.52,4681.02,26588.6,1.03
US_316,210.58,206.08,1423.04,2564.04,2006.02
US_133,211.06,672.41,478.98,443.11,4487.61
31678_61,211.07,192.41,6693.28,51150.22,1207.42
646_7,211.76,268.15,5002.21,2560.57,3270.79
US_256,211.92,561.42,733.97,636.86,744.49
US_263,211.92,1113.83,496.2,825.62,1661.77
US_264,214.24,867.73,234.26,789.05,3013.29
US_267,214.24,720.87,1107.27,1479.16,2574.38
US_272,214.24,684.84,393.89,259.68,2078.25
US_273,214.24,746.9,794.65,1743.67,4065.58
US_295,214.24,1759.43,537.13,636.61,0.17
US_329,214.24,854.14,1246.05,4174.04,935.79
US_373,215.14,564.59,1159.35,818.57,901.76
US_469,215.16,697.21,2898.8,5384.25,23.69
646_64,215.57,87.76,467.47,739.87,74.03
paper_11,216.84,121.7,316.3,12697.53,1122.68
646_117,217.04,532.06,50248.24,2771.71,0.19
US_171,217.28,200.6,54926.67,15218.96,4608.17
US_19,217.74,788.61,410.32,367.52,3119.53
US_212,217.9,229.84,447.0,518.74,731.39
paper_10,218.23,158.41,964.56,2639.79,2378.72
US_95,218.26,335.74,2723.54,869.78,3044.75
646_44,220.37,166.68,406.06,133.36,1448.13
US_4,221.49,106.05,634.56,5736.87,7793.48
US_192,223.18,1006.96,410.73,660.36,7455.96
646_78,223.18,2070.64,1005.88,1185.32,7336.41
US_58,225.35,259.11,587.34,355.19,4569.68
US_5,225.99,235.82,783.88,712.84,5171.2
US_178,226.28,484.57,1977.9,3840.17,10600.08
US_400,231.05,832.3,584.04,550.14,2567.52
US_453,231.81,914.79,543.21,1195.8,1707.95
US_480,232.64,703.89,356.15,2212.09,1857.52
US_481,232.64,717.29,1046.0,4073.56,1811.87
US_23,232.7,1271.3,294.71,134.37,2023.2
US_429,233.7,1944.8,446.62,423.5,5195.69
US_94,235.76,110.94,668.63,934.52,2420.04
US_132,237.82,476.18,421.46,296.54,0.85
646_30,238.12,2010.29,1235.08,1743.34,2822.73
31678_43,238.32,706.0,55417.83,36287.67,24.01
31678_44,238.32,466.78,60294.17,21861.39,0.04
US_369,238.74,669.68,338.77,168.89,5291.69
US_338,239.35,280.9,132.71,780.92,4662.1
US_387,240.32,153.31,863.56,1197.72,1265.77
646_79,241.11,776.46,111022.28,12830.54,2203.63
US_207,242.5,402.05,171.96,1386.9,0.47
US_175,242.84,697.79,342.23,1829.41,2946.37
paper_14,244.87,110.17,211.69,293.91,4044.54
US_317,245.07,393.35,212.32,291.32,2907.99
646_118,245.95,270.79,1809.18,1434.32,3616.64
US_35,246.48,201.16,1202.66,1225.4,2699.15
US_362,246.77,3187.06,897.13,803.57,0.25
US_402,246.88,2613.22,515.46,363.78,18.08
646_74,247.46,1240.68,31203.11,3095.0,2226.29
paper_19,247.92,123.79,622.59,2307.63,4482.62
US_115,248.25,286.36,186.94,110.96,4225.95
US_348,248.28,2375.4,374.7,263.64,3236.36
US_36,248.34,562.73,684.29,2497.56,1879.46
US_375,248.42,600.8,1008.09,518.86,3839.85
US_206,248.76,852.02,776.94,294.71,1547.82
US_250,249.38,785.79,546.57,4917.85,4020.64
US_16,250.98,399.72,81.12,287.54,7753.01
US_106,252.67,138.79,639.53,1783.61,2359.24
US_321,252.87,334.67,585.52,4253.36,6951.91
US_399,255.51,1290.84,592.76,383.33,250.24
US_84,255.6,312.57,553.28,2738.93,4163.88
US_386,256.23,282.52,1981.58,2506.18,4046.67
31678_30,258.7,83.35,12908.86,29508.29,0.0
US_232,259.14,710.09,1168.34,3688.24,975.94
US_218,259.36,117.48,652.96,9141.15,7347.16
US_284,261.54,408.06,758.12,4679.1,828.17
US_213,261.78,271.52,345.51,1407.61,3996.61
US_181,263.28,164.32,9840.54,3576.11,6266.25
31678_55,265.05,162.85,12381.07,41199.28,1682.33
US_271,266.34,652.75,1042.73,16924.21,3357.75
US_138,266.45,190.98,739.15,342.15,2508.65
paper_23,266.62,623.05,356.48,1644.62,3728.04
US_158,268.01,472.87,199.26,1922.77,6340.61
US_222,269.08,781.14,572.84,5057.3,140.06
US_40,270.63,326.61,139.25,294.11,1.25
US_341,271.62,710.74,1070.74,1676.19,1575.53
US_363,276.85,167.63,941.56,797.72,3235.07
US_209,277.29,477.9,235.02,441.08,8686.29
US_424,278.16,941.33,532.12,131.43,2773.65
646_54,280.81,573.66,375.37,5469.31,751.79
US_461,282.0,111.65,484.81,3320.34,2727.89
US_365,282.97,468.96,811.19,305.07,4314.25
US_78,285.46,447.42,524.09,3363.13,5637.08
US_153,286.74,206.62,311.79,97.98,9312.19
US_279,290.5,1150.5,1075.03,2149.89,5705.74
US_47,291.8,202.82,575.07,1412.05,1891.31
US_75,291.8,208.26,1198.55,20059.87,1423.31
US_440,292.45,994.83,104155.75,13458.25,2398.07
US_102,292.81,201.52,484.73,579.81,102758.15
625_10,294.8,239.21,293.15,3649.46,1598.66
paper_8,297.83,238.16,533.93,6183.01,2281.22
US_70,300.22,116.23,423.47,31914.94,407.35
US_63,305.82,366.81,682.18,3318.5,2966.43
646_59,308.53,1086.17,19328.65,15763.99,1471.43
US_68,309.74,204.29,714.47,15461.17,1131.51
US_208,311.35,864.94,744.55,874.75,3530.43
US_275,311.88,1005.5,447.91,420.38,1113.19
US_314,315.86,747.15,437.29,677.81,1668.89
646_84,324.78,560.31,93993.6,9635.15,2936.46
US_407,325.77,1940.84,1304.97,1315.66,635.58
US_156,327.45,512.91,371.3,933.96,5510.45
US_99,330.39,255.08,714.73,779.48,6324.15
US_248,330.5,955.59,342.04,1672.0,3939.39
US_104,332.32,215.83,1319.06,2958.32,2221.34
US_17,335.95,162.43,627.28,536.79,10013.01
paper_7,337.05,440.71,1529.49,10358.74,4298.13
31678_53,340.46,157.25,9171.98,74199.73,0.8
US_193,348.47,1203.97,394.51,111.48,6141.6
US_189,348.52,1001.04,822.41,2778.89,3998.81
US_340,348.55,649.06,1127.98,2174.12,0.14
US_69,348.69,108.81,1215.11,8804.47,2556.88
US_358,353.33,354.96,657.77,2702.64,1896.64
US_50,354.44,249.62,306.2,358.4,1288.5
625_9,354.44,376.24,652.52,14534.92,1.31
US_239,355.4,1103.23,1046.62,3829.72,2509.95
US_374,356.99,186.98,1195.1,1000.23,3004.72
US_276,358.76,1135.08,249.61,572.41,3912.73
US_254,359.29,1000.98,495.35,753.99,1699.19
US_255,360.08,991.18,636.91,4232.74,5668.87
US_89,362.07,247.91,2960.91,2850.78,7153.1
31678_12,366.6,613.34,10572.46,15171.34,116.42
646_28,369.05,1585.29,13946.61,10922.7,3066.97
US_111,371.52,439.47,59294.32,7247.27,5868.23
646_96,371.67,1600.7,449.49,252.7,2319.28
31678_56,374.71,332.71,42411.94,28713.05,1.59
US_38,375.09,175.44,478.51,3195.82,7016.14
31678_46,375.23,757.88,105503.37,58317.84,1561.7
US_359,375.95,354.96,657.77,2702.64,2250.37
US_241,379.11,1141.6,323.14,150.2,5908.39
paper_5B,382.77,193.78,1554.67,3194.69,6362.97
US_31,388.73,401.67,124.2,194.46,4303.86
US_73,390.33,156.83,2060.96,6934.05,6206.98
646_33,404.42,1222.25,131250.47,11671.02,1491.59
US_184,405.03,142.52,5624.9,48926.77,1384.38
US_107,405.23,120.48,427.62,1023.31,2308.1
paper_6,406.15,198.91,1499.88,10969.68,2923.17
31678_36,407.82,134.58,15715.17,24535.12,2874.84
US_18,408.89,124.19,267.09,5165.89,6145.15
US_98,410.3,704.46,219.94,721.67,4197.1
US_242,411.29,1178.42,362.58,181.2,4448.02
US_210,416.1,870.45,10086.52,2066.96,4075.85
US_154,419.11,103.78,34355.25,2740.68,3377.86
US_427,430.27,4533.59,930.36,4814.97,4180.92
31678_29,433.6,73.04,3811.57,32087.74,1518.69
646_4,433.67,573.66,375.37,5469.31,1281.62
US_176,440.15,84.74,2093.65,3476.95,2457.05
US_426,444.85,1052.72,349.45,562.82,8651.93
646_38,445.06,690.08,294.44,22634.96,60832.05
US_199,446.19,580.96,635.89,2521.7,796.38
31678_17,447.68,198.11,956.82,49133.87,95.87
US_234,448.55,618.1,262.51,836.94,6946.22
646_25,450.15,172.41,940.24,3825.14,2693.28
US_236,454.81,1025.46,415.75,710.35,5481.3
US_237,454.81,731.06,380.8,565.87,12126.19
31678_52,460.27,169.87,24172.27,26207.81,5081963.73
US_46,460.71,106.97,1046.81,2778.08,6541.76
US_187,461.48,1009.26,203.04,624.56,3778.8
US_238,461.48,1061.34,340.82,1228.86,4442.5
US_334,461.48,966.01,194.22,280.9,1427.98
US_195,463.95,1241.32,297.88,282.65,6874.4
31678_58,464.84,275.86,11242.69,22267.45,2466.78
625_12,466.5,869.76,2806.37,16110.6,1909.25
US_216,466.56,711.56,320.67,1242.94,22992.04
US_121,479.17,73.5,4104.81,1585.15,7057.97
US_182,481.73,221.0,58866.65,8304.22,2684.23
US_10,488.77,452.07,265.44,667.41,4257.65
US_360,490.39,144.81,1239.75,971.27,3468.35
31678_20,493.74,339.48,10674.31,45733.6,0.04
US_439,503.44,1162.93,68057.01,10886.1,5964.08
31678_45,505.05,463.35,92654.7,11819.78,839.8
US_378,506.67,899.55,310.23,209.43,1599.43
31678_49,508.62,614.18,21031.22,34139.49,2801.58
646_60,509.46,593.1,528.16,22236.21,3741.1
646_81,510.01,772.02,35394.86,4513.29,92531.89
646_32,513.4,2369.35,156009.05,8586.18,2646.66
US_49,514.13,504.15,359.77,523.03,5159.37
US_446,518.18,3983.55,672.03,1338.98,6349.92
646_65,525.25,1690.79,2017.48,3980.97,1640.97
31678_7,525.74,84.11,7305.19,33069.87,846.33
US_105,528.76,162.46,351.68,952.31,10006.63
US_377,531.29,718.96,491.24,187.61,0.3
646_1,536.19,1542.75,2110.99,26466.27,1634.6
31678_6,538.99,131.85,2685.12,35749.88,2149.32
646_91,545.95,1809.84,3596.45,782.3,2031.17
31678_34,556.35,201.1,2059.26,32970.83,1285.42
US_100,557.78,177.49,1368.51,733.52,13278.76
31678_1,563.26,91.27,12363.53,35300.74,12439.66
31678_41,565.41,87.78,8378.2,62212.7,2424.64
US_77,586.13,74.47,1060.17,397.96,8568.06
US_127,590.03,149.47,1735.49,1424.56,2304.91
US_25,590.19,115.98,1687.2,2483.72,7118.41
646_76,592.98,28.1,201.34,67.96,2329.22
31678_35,595.45,639.69,6799.88,14334.77,3506.12
US_24,595.56,187.75,333.25,979.79,3633.86
31678_3,600.53,338.79,8154.53,25340.78,1095.91
US_109,602.47,593.95,364.57,3191.53,4002.49
31678_4,609.6,95.27,28812.34,70612.37,844.21
US_48,610.49,97.76,774.66,1098.6,4348.2
US_152,618.84,35.51,523.96,499.93,9362.84
646_8,625.53,734.89,1812.99,5401.79,2686.88
US_173,627.61,87.04,669.22,339.65,6468.09
646_67,639.39,361.15,88695.33,6308.26,536.76
US_177,641.44,167.25,1835.96,1288.86,10697.84
US_183,641.79,111.79,1293.94,2187.42,2472.02
US_13,642.61,342.52,811.57,8324.03,5889.06
US_79,677.23,252.72,1519.1,661.29,2482.0
US_166,682.76,145.01,814.35,126.62,7876308.66
US_384,683.03,864.25,216.28,259.37,4277.83
646_75,684.88,131.6,2198.82,137.27,1207.88
US_52,691.0,234.21,1192.65,731.05,2456.64
31678_13,696.88,346.94,23472.72,18285.52,8857.78
31678_18,700.77,211.05,797.93,28727.81,5244.95
646_82,716.76,855.83,3936.23,3314.12,5463.02
31678_14,723.74,150.16,7614.93,51077.1,9207.07
646_16,723.89,1502.92,27977.86,6875.69,868.45
US_408,723.99,790.57,1323.71,10101.8,1008.81
646_110,724.85,1131.48,4081.91,3891.45,2950.35
31678_59,734.62,184.98,2939.98,34083.65,33.44
US_20,735.34,560.48,186.24,270.38,2237.24
31678_39,742.63,242.47,933.6,47740.39,62502.86
31678_57,743.3,333.01,19160.33,11290.89,2063.48
US_449,758.48,176.08,3567.1,2769.07,6983.23
US_292,759.38,690.1,318.14,2477.55,7561.92
US_37,766.8,93.41,49227.56,4299.82,2568.78
646_15,767.14,1061.16,22017.51,3879.61,3400.89
US_260,769.24,300.55,1849.1,689.49,820.84
US_160,769.87,520.87,253.58,707.12,8144.2
US_27,772.25,406.89,328.05,354.93,5287.18
US_125,788.62,95.55,2005.3,1788.91,4163.69
US_128,788.62,91.71,2838.09,671.36,8089.09
31678_50,789.71,380.65,30231.43,33063.85,0.0
646_109,797.27,1995.44,4977.34,5845.13,6306.65
646_73,800.62,623.23,2502.52,5064.72,3.62
US_80,806.29,256.94,315.4,216.61,3947.43
US_51,815.72,191.92,579.81,1909.68,11347.54
US_72,819.83,185.58,1454.6,1298.9,6921.53
US_215,825.87,511.74,390.59,4358.1,6386.94
646_72,839.14,1369.94,1263.58,582.37,1836.26
US_61,843.27,231.1,1545.13,1408.53,3292.92
US_122,851.45,196.01,4745.42,5014.09,2367.81
US_393,851.7,211.22,1076.01,810.52,4864.72
31678_60,898.98,165.74,5137.19,41713.44,1809.99
US_32,924.57,169.54,264.96,641.42,4397.76
646_52,946.69,1249.42,15236.98,6406.62,2.86
646_61,954.88,1654.54,2266.7,2972.01,4490.0
31678_48,990.04,538.81,11490.44,1698.65,0.34
31678_28,992.22,181.38,21786.85,52968.38,3027.23
646_70,995.64,1929.33,2506.13,4840.97,2583.94
31678_37,1016.36,300.82,14615.22,49068.69,1.9
646_2,1021.32,2280.09,12914.82,5723.17,2419.44
US_167,1034.58,168.99,563.51,419.31,4251.74
31678_24,1037.67,473.88,3502.44,16539.72,8923.86
US_405,1048.09,1021.93,23127.34,12608.48,1562.09
31678_27,1052.27,494.89,1773.24,37989.52,0.0
US_120,1078.62,126.47,25242.01,5191.08,2927.08
US_124,1088.8,92.82,66023.4,2146.07,9051.96
US_126,1088.8,90.28,36190.83,1389.5,3023.08
31678_42,1114.84,114.67,1854.09,28063.36,0.04
646_58,1115.17,2008.08,676.43,2555.51,72.58
625_11,1172.32,1099.47,565.0,2398.69,3030.42
US_159,1219.86,600.98,188.48,1770.25,2943.9
31678_22,1234.18,180.59,3354.23,14832.41,1759.84
31678_33,1245.26,264.11,9637.62,33212.77,2.28
US_81,1261.91,192.2,531.21,2839.59,8271.24
US_214,1307.56,423.77,250.78,519.12,8380.26
US_395,1320.09,338.3,332.26,303.96,1640.72
US_64,1320.86,1272.12,1640.48,1701.72,6796.43
US_103,1348.42,209.07,509.05,195.31,7410.28
US_397,1348.71,296.36,257.31,120.34,1835.23
646_24,1372.55,371.29,11129.41,16860.04,42111.49
US_71,1377.48,229.29,2295.82,4277.29,2070.16
US_172,1383.58,183.37,411.39,183.79,19924.96
31678_8,1390.02,98.79,925.05,15637.03,81.5
646_77,1437.18,607.15,534.78,2221.91,5978.41
31678_40,1609.0,136.24,800.57,18440.57,7747.81
31678_25,1613.86,439.92,3728.82,12935.99,2148.04
31678_38,1617.28,100.28,404.95,3854.52,2154.08
US_22,1675.27,195.7,1908.76,1281.66,6060.49
US_170,1717.96,99.32,778.1,617.32,7352.04
31678_2,1737.06,286.85,1655.69,23696.51,2314.77
US_82,1748.65,266.68,1081.57,338.59,3993.88
US_169,1798.57,173.27,1283.61,1280.05,1941.98
646_120,1806.23,1191.6,484.94,8755.32,10476.41
31678_21,1856.37,633.17,2854.09,30127.65,4421.15
646_69,1861.69,763.28,23746.23,14524.57,47247.35
US_319,1936.16,140.5,1092.75,1004.44,2130.33
646_57,2018.1,2126.48,554.24,10534.88,2947.99
646_3,2077.11,6183.46,248.21,3786.55,0.17
646_37,2077.64,335.29,341.76,7797.29,757.62
625_14,2188.55,199.47,343.26,2489.62,3573.07
US_135,2191.17,749.47,836.27,678.64,4751.06
31678_16,2249.8,356.21,34896.73,21450.63,6596.83
US_347,2275.61,966.49,171.91,133.51,6855.35
31678_9,2320.83,481.63,6856.97,35528.6,1859.71
US_90,2342.12,227.88,1024.55,459.89,2797.91
US_21,2461.89,1032.53,226.82,158.24,2323.84
US_101,2731.66,258.19,955.67,1161.16,3551.15
US_148,2747.29,1136.24,661.62,521.48,8356.36
646_71,2891.27,529.56,1078.11,3331.11,1675.49
US_168,3447.24,163.59,5118.82,7922.22,7747.32
625_15,3500.43,199.47,343.26,2489.62,3689.47
625_16,3546.72,503.5,854.8,6843.41,3391.6
646_27,4912.7,249.3,11616.15,2292.86,6648.84
31678_10,4925.36,587.85,4297.0,4823.85,2175.56
31678_47,5342.31,541.16,10472.25,7718.46,40068.43
US_155,6149.3,214.26,425.93,299.51,2828.78
646_55,7042.73,573.66,375.37,5469.31,1915.23
31678_62,15827.61,272.71,1854.62,9128.35,1989.21
646_26,19028.63,187.04,37109.87,1501.22,0.22
